Number,bayGate,bayBith,sellGate,sellBith,diffSell,diffBay,timeServer,timeGate,timeBith,percentBonus,bayOrSellGate,bayOrSellBith,init
1802,1.01964662,1.02616107,1.02458508,1.03118738,0.00157599,-0.01154075,1634502114330,1634502114160,1634502114066,0.0015,2,0,1
1803,1.01807976,1.02321623,1.02217026,1.02646148,0.00104597,-0.00838172,1634502115826,1634502115658,1634502115367,0.001,0,0,1
1804,1.09722116,1.10306625,1.10162886,1.10679176,0.00143739,-0.0095706,1634527162255,1634527161514,1634527162151,0.0013,1,1,0
1805,1.0972012,1.10306625,1.10162886,1.10679176,0.00143739,-0.00959056,1634527163208,1634527162919,1634527162492,0.0013,1,1,1
1806,1.095804,1.10254716,1.1002962,1.10884433,0.00225096,-0.01304033,1634540742949,1634540742563,1634540742819,0.002,1,1,0
1807,1.0886184,1.09410197,1.09310184,1.09762031,0.00100013,-0.00900191,1634543683604,1634543683345,1634543683383,0.0009,2,1,1
